nb_aphids,nb_paddy
135,0
132,8552
132,8542
127,8542
123,8542
121,8542
115,8538
113,8458
109,8457
108,8455
108,8454
108,8453
111,8453
111,8453
111,8452
111,8450
114,8450
114,8449
114,8448
113,8446
113,8446
107,8446
98,8446
85,8446
72,8446
61,8445
42,8444
31,8442
31,8442
30,8442
30,8442
30,8442
29,8441
29,8441
29,8441
29,8439
29,8438
32,8435
31,8433
31,8433
32,8432
31,8432
34,8432
34,8432
34,8431
34,8430
34,8430
34,8430
37,8430
37,8430
36,8430
36,8429
36,8428
34,8428
36,8428
35,8428
35,8427
32,8427
30,8426
30,8425
30,8424
30,8424
30,8424
30,8424
29,8423
29,8423
29,8423
29,8423
29,8423
29,8421
29,8420
29,8419
29,8419
29,8418
28,8417
27,8416
27,8416
27,8415
26,8413
26,8413
26,8413
26,8413
29,8413
29,8413
29,8413
32,8413
32,8412
32,8412
32,8412
32,8411
34,8411
34,8411
34,8411
33,8411
33,8410
36,8410
39,8410
39,8410
39,8409
37,8408
37,8408
37,8408
34,8407
34,8407
34,8407
32,8407
30,8407
32,8407
31,8407
31,8406
32,8405
31,8405
31,8405
31,8404
31,8404
33,8404
34,8404
36,8404
36,8404
36,8404
36,8403
36,8403
36,8402
35,8401
35,8401
34,8400
34,8400
36,8400
36,8400
36,8400
36,8399
36,8398
36,8398
36,8398
36,8398
34,8398
34,8396
37,8396
37,8396
37,8396
37,8396
36,8396
35,8396
36,8394
37,8394
36,8394
36,8394
36,8393
37,8393
41,8393
41,8393
44,8393
46,8392
46,8391
48,8390
50,8390
50,8390
55,8390
57,8388
57,8386
55,8386
54,8385
54,8383
52,8383
51,8382
51,8382
51,8382
51,8380
51,8378
50,8377
50,8376
51,8375
49,8375
49,8374
48,8373
48,8373
49,8372
48,8371
50,8371
50,8371
52,8371
52,8370
54,8369
53,8367
53,8366
53,8365
55,8364
54,8363
54,8363
54,8363
54,8363
54,8363
54,8362
57,8362
57,8362
57,8362
57,8362
57,8362
55,8361
54,8361
54,8361
54,8360
53,8360
52,8360
52,8360
51,8360
51,8359
51,8359
51,8358
51,8358
51,8357
51,8357
50,8356
55,8355
57,8354
56,8353
59,8353
58,8352
58,8348
58,8345
58,8343
60,8342
60,8342
60,8341
60,8340
63,8338
63,8338
63,8338
63,8337
64,8337
66,8336
65,8335
63,8335
60,8332
57,8332
60,8332
59,8331
57,8331
54,8331
54,8330
54,8328
53,8328
56,8328
56,8328
56,8328
58,8327
58,8325
59,8325
59,8324
59,8324
59,8324
59,8324
59,8324
64,8324
64,8324
65,8324
65,8324
68,8323
69,8323
69,8320
72,8319
72,8318
72,8317
71,8317
72,8316
72,8315
70,8314
68,8313
68,8313
69,8313
71,8312
71,8311
73,8310
73,8308
73,8306
78,8305
81,8302
83,8300
77,8299
82,8296
81,8296
80,8292
81,8292
81,8292
81,8290
81,8290
81,8289
84,8289
84,8289
87,8289
89,8289
90,8289
89,8288
86,8286
86,8285
82,8285
77,8285
76,8284
78,8284
77,8284
77,8284
75,8284
75,8284
75,8284
75,8283
74,8282
75,8281
73,8281
71,8281
73,8281
72,8280
75,8279
74,8279
73,8279
75,8277
74,8276
74,8276
73,8276
73,8276
74,8274
74,8273
74,8272
73,8271
73,8271
71,8271
72,8270
72,8270
72,8269
71,8269
69,8269
68,8269
68,8268
68,8268
71,8268
71,8268
71,8268
71,8268
77,8266
74,8265
74,8265
75,8265
75,8262
75,8258
75,8256
76,8256
76,8256
76,8256
78,8256
81,8256
83,8256
85,8255
86,8254
85,8252
86,8249
85,8248
85,8247
84,8247
81,8246
80,8246
79,8246
80,8246
80,8246
80,8246
81,8246
81,8246
81,8245
83,8245
84,8245
82,8244
84,8244
89,8243
87,8243
87,8243
84,8243
85,8242
81,8241
84,8241
89,8241
91,8241
94,8241
96,8241
96,8240
95,8239
97,8237
97,8235
99,8235
99,8235
99,8234
100,8233
100,8232
96,8230
95,8229
96,8227
96,8226
95,8223
93,8222
92,8221
91,8220
93,8219
94,8219
93,8219
93,8218
95,8216
95,8215
98,8215
98,8213
99,8213
102,8213
105,8213
104,8211
104,8210
103,8208
109,8207
112,8205
112,8204
113,8203
113,8202
122,8200
123,8198
122,8196
122,8193
125,8192
128,8189
128,8186
126,8184
128,8183
129,8181
129,8177
131,8175
134,8173
136,8171
136,8170
133,8169
131,8168
131,8168
135,8166
134,8164
130,8163
126,8162
124,8159
126,8157
124,8155
124,8153
122,8151
125,8151
126,8151
126,8150
125,8148
126,8147
124,8147
129,8143
128,8142
130,8138
129,8137
130,8137
131,8135
132,8135
133,8132
135,8132
142,8131
145,8131
150,8131
149,8130
153,8129
153,8126
147,8125
146,8125
149,8123
142,8123
142,8123
133,8123
131,8123
131,8123
130,8121
129,8120
130,8120
129,8119
129,8117
134,8115
130,8115
129,8114
133,8113
137,8112
138,8111
138,8109
136,8106
135,8105
135,8105
135,8103
135,8100
133,8100
133,8099
129,8098
130,8098
128,8098
134,8098
138,8097
137,8097
135,8097
134,8095
130,8093
128,8092
132,8091
134,8091
134,8091
134,8090
134,8089
134,8087
135,8085
139,8085
140,8084
139,8084
140,8084
145,8083
147,8081
145,8080
141,8079
145,8078
146,8077
147,8076
150,8075
150,8075
155,8074
156,8072
157,8071
155,8071
155,8069
155,8068
154,8066
153,8064
154,8064
154,8063
154,8063
157,8063
157,8063
160,8063
157,8062
155,8061
151,8059
151,8057
151,8057
154,8057
150,8056
153,8056
155,8053
157,8051
156,8047
154,8045
152,8043
156,8043
158,8042
159,8042
158,8042
155,8041
154,8040
153,8039
153,8038
154,8038
154,8037
163,8037
161,8036
164,8035
164,8035
162,8034
159,8031
160,8028
159,8028
161,8027
165,8022
170,8019
174,8018
173,8016
183,8015
185,8013
186,8011
184,8007
184,8000
184,7998
183,7995
179,7993
176,7992
174,7991
176,7991
178,7988
178,7987
178,7986
177,7986
183,7985
186,7983
185,7982
187,7979
189,7975
183,7973
184,7973
189,7970
187,7969
188,7967
185,7965
188,7964
188,7961
192,7958
189,7958
187,7957
193,7956
191,7953
190,7953
189,7953
186,7951
182,7950
181,7948
189,7948
188,7945
183,7945
185,7942
184,7940
181,7939
182,7937
186,7937
181,7934
180,7934
183,7933
180,7933
183,7931
186,7929
187,7928
189,7927
192,7927
192,7924
196,7922
193,7920
189,7920
196,7918
197,7917
202,7917
208,7914
204,7912
202,7908
202,7902
203,7899
200,7898
197,7898
199,7897
198,7896
201,7894
202,7891
204,7890
202,7887
205,7884
203,7882
207,7882
204,7880
204,7880
204,7880
204,7877
204,7876
205,7873
200,7868
202,7865
203,7863
202,7861
200,7858
205,7854
207,7852
206,7852
211,7850
209,7848
210,7845
211,7844
211,7842
208,7841
212,7839
214,7839
211,7836
218,7836
213,7834
215,7833
219,7831
220,7829
219,7828
223,7826
224,7825
222,7823
222,7822
226,7821
229,7819
232,7815
234,7815
239,7814
238,7811
235,7809
235,7806
229,7804
229,7802
227,7798
231,7798
235,7797
237,7795
237,7794
239,7791
241,7789
240,7787
242,7784
244,7783
243,7781
244,7779
243,7777
241,7774
242,7774
245,7771
244,7769
252,7768
256,7765
258,7763
260,7761
258,7760
259,7758
254,7755
252,7753
253,7750
255,7746
254,7745
259,7744
259,7744
263,7741
264,7737
265,7734
262,7731
262,7727
265,7727
264,7726
266,7722
261,7719
267,7716
272,7715
273,7713
272,7710
277,7708
278,7704
282,7701
279,7697
280,7695
277,7691
277,7688
282,7686
285,7683
284,7681
287,7677
292,7674
291,7667
294,7666
302,7663
306,7660
308,7659
309,7655
310,7651
307,7648
309,7645
312,7642
305,7640
298,7637
295,7634
299,7631
300,7630
295,7628
299,7624
303,7624
307,7618
311,7613
322,7611
326,7605
328,7601
330,7596
331,7594
335,7587
334,7585
334,7581
335,7579
333,7576
336,7571
343,7569
340,7567
342,7561
338,7556
332,7553
336,7547
332,7543
328,7539
325,7535
322,7532
317,7529
320,7526
324,7521
323,7518
316,7511
324,7507
317,7503
318,7500
320,7497
322,7492
322,7487
317,7484
315,7480
318,7476
314,7470
310,7466
301,7465
300,7460
307,7452
303,7449
300,7447
298,7446
298,7445
302,7442
304,7439
305,7437
304,7434
301,7429
301,7422
306,7416
303,7414
301,7411
303,7409
299,7406
300,7403
301,7400
303,7399
300,7396
302,7394
304,7392
300,7387
306,7382
305,7382
308,7380
308,7376
307,7371
305,7369
308,7368
305,7363
304,7359
304,7359
302,7355
307,7351
308,7348
313,7345
319,7343
320,7337
328,7337
327,7333
324,7326
326,7322
322,7320
325,7314
327,7310
333,7307
339,7306
343,7301
341,7297
340,7293
342,7286
341,7281
336,7279
339,7278
341,7273
331,7271
325,7267
321,7259
322,7258
322,7253
329,7250
328,7247
330,7246
324,7242
328,7236
329,7235
327,7228
323,7220
324,7216
323,7213
322,7210
329,7205
329,7201
332,7193
341,7184
340,7179
345,7176
348,7173
347,7170
349,7163
353,7160
353,7155
351,7152
353,7151
348,7149
342,7147
342,7146
349,7142
356,7139
350,7136
359,7129
360,7124
356,7118
358,7115
351,7111
354,7105
355,7097
353,7095
355,7091
360,7086
361,7080
367,7078
369,7074
367,7072
369,7068
372,7064
371,7059
374,7055
360,7052
364,7049
362,7044
356,7040
353,7033
353,7030
352,7025
353,7021
359,7020
362,7018
359,7013
358,7009
362,7008
361,7005
361,6999
366,6998
367,6993
363,6991
358,6986
365,6980
366,6976
369,6972
370,6970
367,6966
372,6964
371,6961
374,6954
375,6953
368,6950
366,6946
372,6942
367,6940
363,6938
358,6931
357,6926
355,6921
362,6919
360,6915
369,6909
367,6905
371,6901
370,6895
380,6893
377,6886
373,6879
370,6874
366,6872
370,6871
375,6870
373,6866
380,6863
374,6859
376,6856
374,6849
374,6845
383,6843
380,6840
383,6836
373,6833
371,6825
373,6825
370,6821
373,6817
373,6814
377,6811
381,6806
376,6805
379,6801
374,6800
379,6794
376,6790
369,6785
365,6781
364,6778
365,6776
356,6775
365,6771
364,6769
371,6763
367,6756
362,6753
370,6747
365,6741
364,6740
372,6737
372,6735
363,6734
358,6731
360,6726
357,6722
349,6719
351,6714
352,6711
359,6708
355,6702
358,6699
354,6695
355,6690
356,6685
355,6684
353,6679
359,6675
361,6672
366,6666
367,6663
368,6658
367,6654
365,6653
362,6651
363,6643
362,6641
368,6637
370,6635
366,6627
370,6625
369,6620
367,6616
363,6612
363,6608
362,6601
360,6595
359,6593
353,6592
354,6591
357,6587
358,6584
359,6581
364,6579
369,6577
370,6572
379,6570
377,6567
378,6566
374,6561
378,6557
378,6553
372,6548
371,6543
371,6542
368,6540
367,6532
370,6530
377,6527
380,6525
373,6519
370,6517
364,6511
366,6508
369,6507
372,6502
362,6499
359,6497
355,6496
359,6493
361,6490
361,6487
361,6486
361,6482
360,6480
358,6477
356,6474
354,6471
346,6469
346,6466
348,6461
357,6456
361,6454
368,6449
369,6444
366,6439
364,6436
363,6432
355,6427
354,6426
363,6422
356,6418
355,6416
353,6411
358,6405
359,6399
355,6395
352,6392
350,6391
348,6388
351,6384
354,6382
356,6376
347,6373
348,6367
348,6366
350,6359
353,6357
352,6355
357,6350
358,6344
354,6338
359,6333
358,6327
354,6326
354,6322
357,6322
355,6320
355,6316
349,6309
345,6306
342,6304
339,6302
338,6300
335,6298
332,6296
341,6294
342,6293
336,6292
330,6289
329,6286
328,6281
324,6277
324,6273
323,6271
325,6269
329,6268
327,6265
332,6263
333,6262
330,6258
335,6252
337,6250
340,6246
345,6241
343,6238
339,6236
341,6233
347,6229
348,6226
349,6224
353,6216
355,6211
354,6210
358,6206
360,6200
360,6196
359,6195
353,6191
361,6187
352,6186
355,6184
356,6182
351,6182
344,6178
349,6173
347,6171
344,6161
333,6158
334,6155
344,6152
343,6150
342,6146
340,6144
345,6141
356,6139
360,6137
362,6135
364,6131
360,6128
361,6121
360,6119
356,6117
359,6113
354,6112
352,6108
349,6107
343,6104
337,6100
340,6095
344,6095
346,6091
347,6090
338,6086
335,6085
335,6085
331,6083
328,6082
328,6077
326,6077
324,6076
325,6074
327,6068
324,6066
325,6063
326,6062
327,6057
328,6055
324,6050
328,6044
336,6039
336,6035
337,6035
333,6033
331,6029
334,6028
337,6027
342,6024
339,6020
337,6018
338,6013
336,6013
333,6011
337,6008
335,6003
336,6000
336,5999
336,5995
333,5995
329,5995
324,5995
321,5993
316,5991
312,5983
309,5979
302,5979
305,5978
298,5977
300,5975
305,5972
306,5971
308,5970
307,5969
304,5966
313,5962
311,5961
314,5958
311,5955
309,5954
308,5949
309,5948
311,5945
305,5943
301,5941
307,5939
309,5935
317,5934
318,5934
313,5930
310,5929
311,5923
316,5920
317,5917
320,5915
316,5913
317,5911
313,5911
311,5908
318,5907
313,5904
304,5900
303,5897
303,5896
303,5894
302,5893
300,5893
298,5890
306,5888
308,5888
314,5888
309,5886
313,5883
314,5881
308,5877
313,5874
320,5871
325,5865
323,5864
323,5862
324,5858
324,5852
318,5849
320,5846
322,5845
335,5844
334,5840
338,5839
340,5837
345,5832
343,5831
347,5828
346,5824
342,5824
346,5821
343,5818
339,5813
336,5812
333,5811
332,5808
336,5804
331,5802
331,5796
329,5791
329,5788
330,5787
326,5785
322,5782
316,5779
320,5778
318,5776
314,5774
313,5773
310,5772
311,5771
312,5768
310,5768
311,5767
309,5766
315,5763
319,5762
316,5759
323,5753
329,5750
328,5744
327,5742
335,5739
337,5737
335,5734
338,5732
342,5729
345,5727
346,5724
346,5721
346,5719
349,5716
350,5715
352,5710
349,5708
344,5706
339,5703
340,5696
341,5692
339,5690
338,5685
338,5685
340,5681
343,5678
342,5676
339,5676
339,5673
340,5666
346,5663
344,5661
346,5660
348,5659
343,5656
336,5653
339,5652
338,5647
330,5645
326,5642
325,5639
317,5638
316,5637
311,5636
309,5635
311,5632
312,5629
314,5628
316,5627
314,5627
320,5626
318,5625
328,5625
329,5623
329,5621
328,5617
334,5614
333,5609
333,5608
331,5607
338,5605
327,5602
335,5598
337,5595
335,5595
340,5592
333,5588
333,5585
328,5579
337,5578
338,5577
336,5575
345,5574
349,5573
346,5572
346,5570
352,5566
354,5566
347,5565
347,5562
348,5559
343,5556
333,5552
334,5550
334,5548
336,5548
340,5546
338,5544
337,5544
335,5542
340,5541
344,5534
341,5531
341,5528
341,5523
343,5518
341,5517
341,5516
341,5513
343,5511
346,5506
347,5506
342,5505
348,5501
364,5496
366,5493
366,5491
362,5488
361,5485
356,5483
344,5481
348,5475
348,5474
337,5472
330,5468
328,5464
324,5462
320,5461
320,5461
320,5457
311,5455
303,5454
297,5451
302,5448
301,5444
301,5444
310,5439
314,5438
310,5436
312,5434
314,5431
317,5428
320,5426
321,5424
320,5423
313,5420
309,5419
316,5416
317,5416
313,5416
315,5414
322,5413
326,5411
322,5410
319,5403
320,5399
317,5398
318,5397
328,5395
326,5393
328,5393
323,5391
321,5389
321,5385
312,5382
309,5381
305,5380
303,5379
296,5379
299,5377
296,5375
292,5375
291,5374
297,5372
296,5368
294,5367
301,5365
304,5364
300,5361
301,5356
298,5353
308,5351
308,5349
304,5349
309,5347
315,5347
317,5346
322,5343
327,5342
338,5342
333,5341
332,5339
334,5337
345,5332
339,5328
339,5327
334,5325
325,5322
318,5319
317,5317
314,5316
316,5312
316,5307
320,5303
327,5302
330,5299
330,5295
329,5292
326,5290
315,5288
319,5285
324,5284
320,5284
317,5283
310,5283
316,5276
310,5275
315,5273
319,5273
321,5271
318,5268
326,5263
328,5260
326,5257
320,5255
322,5250
319,5247
321,5246
320,5243
317,5241
317,5238
319,5236
322,5234
324,5228
325,5228
325,5225
320,5220
319,5218
322,5217
320,5215
317,5215
314,5211
319,5208
323,5206
325,5205
325,5201
325,5196
320,5190
315,5186
322,5183
326,5180
315,5179
318,5176
313,5173
313,5171
310,5169
316,5168
316,5167
314,5164
318,5163
318,5161
322,5160
321,5159
326,5158
320,5155
322,5155
313,5150
304,5145
296,5144
293,5142
291,5142
288,5141
289,5141
287,5140
280,5140
272,5140
275,5138
276,5137
280,5134
279,5132
285,5132
284,5130
281,5127
285,5125
287,5122
284,5118
287,5118
291,5116
292,5114
292,5114
292,5113
291,5113
284,5110
282,5108
281,5106
277,5105
278,5104
273,5103
270,5102
273,5100
271,5099
273,5099
274,5096
272,5092
271,5091
271,5089
273,5088
276,5087
277,5083
275,5081
277,5081
283,5080
286,5077
291,5076
292,5074
289,5069
298,5068
296,5063
300,5062
298,5060
292,5055
295,5052
299,5049
298,5047
307,5045
300,5043
296,5040
293,5037
291,5036
287,5033
279,5033
276,5033
277,5033
275,5031
272,5030
269,5028
265,5024
261,5021
269,5020
269,5015
278,5015
270,5013
270,5010
276,5008
276,5006
277,5004
274,5003
272,5002
276,5000
271,5000
272,4999
268,4997
261,4994
258,4991
253,4989
257,4987
256,4985
253,4984
257,4983
256,4982
261,4981
270,4980
267,4979
266,4976
260,4973
258,4969
255,4967
257,4967
257,4966
248,4965
251,4962
252,4960
258,4959
256,4958
255,4955
254,4954
251,4949
247,4948
247,4948
247,4946
246,4945
242,4944
239,4942
243,4938
239,4932
241,4932
242,4931
246,4929
254,4925
256,4924
260,4922
258,4919
261,4917
264,4913
272,4909
273,4906
266,4904
267,4903
267,4901
263,4899
260,4897
255,4894
254,4893
247,4892
241,4890
241,4890
239,4890
239,4886
242,4884
242,4882
241,4881
239,4879
235,4878
233,4876
231,4873
236,4873
238,4873
240,4871
244,4870
243,4870
245,4869
245,4867
244,4863
249,4861
254,4861
246,4861
243,4860
245,4858
242,4858
249,4857
254,4856
260,4855
257,4854
255,4854
263,4854
264,4853
261,4852
254,4849
247,4848
238,4848
233,4843
233,4842
232,4840
227,4840
225,4836
223,4835
228,4834
227,4834
230,4831
233,4830
232,4829
234,4828
240,4826
240,4824
241,4824
236,4821
236,4818
238,4815
234,4813
233,4813
231,4812
225,4811
220,4810
224,4808
222,4807
218,4803
219,4803
220,4802
219,4801
220,4798
222,4797
222,4796
221,4792
219,4791
219,4790
215,4787
214,4787
215,4787
211,4786
212,4786
213,4785
213,4784
219,4783
212,4782
212,4782
216,4777
220,4775
219,4773
224,4772
233,4772
232,4771
226,4769
226,4767
222,4765
220,4762
217,4761
220,4761
217,4761
222,4760
222,4759
220,4758
221,4758
220,4757
219,4753
221,4753
224,4753
222,4752
216,4750
211,4748
211,4745
220,4741
225,4741
227,4740
223,4738
220,4735
221,4731
222,4731
221,4730
217,4730
218,4730
212,4729
212,4727
211,4727
211,4727
209,4725
206,4724
203,4724
199,4724
197,4723
196,4722
189,4722
189,4720
192,4719
190,4718
189,4717
190,4717
192,4716
191,4714
193,4714
194,4713
196,4713
195,4710
198,4709
199,4708
201,4707
206,4706
212,4702
214,4701
217,4700
212,4697
214,4697
215,4696
215,4691
216,4691
221,4690
222,4689
221,4688
223,4687
223,4686
227,4684
229,4683
229,4682
218,4680
221,4679
218,4677
216,4676
214,4675
207,4674
202,4673
203,4672
201,4672
198,4670
190,4670
189,4668
189,4666
187,4666
188,4666
184,4666
180,4666
178,4666
175,4662
175,4662
176,4661
176,4661
178,4661
179,4661
181,4661
180,4660
178,4660
184,4659
184,4658
179,4657
175,4656
176,4655
174,4654
170,4654
167,4653
164,4653
164,4652
171,4650
168,4650
169,4649
175,4648
178,4647
178,4647
176,4644
175,4643
167,4643
164,4642
168,4641
171,4640
171,4639
166,4639
164,4639
163,4638
163,4638
160,4636
158,4636
152,4636
152,4636
154,4636
159,4635
160,4633
162,4633
163,4633
167,4632
168,4631
167,4630
170,4628
169,4628
168,4628
168,4628
164,4627
164,4627
160,4626
165,4626
169,4626
163,4625
163,4625
163,4625
156,4625
153,4623
154,4622
153,4621
152,4621
157,4621
156,4619
154,4617
160,4617
158,4615
157,4615
157,4615
159,4614
154,4613
154,4611
159,4611
162,4611
167,4610
171,4610
173,4609
175,4608
176,4607
178,4607
172,4605
171,4604
167,4604
161,4604
163,4604
157,4604
155,4604
154,4604
154,4603
164,4602
164,4602
164,4600
167,4600
163,4600
163,4599
161,4599
158,4598
156,4598
147,4598
142,4597
140,4596
138,4596
136,4596
136,4595
134,4594
137,4594
135,4594
140,4594
141,4594
145,4593
143,4593
144,4593
143,4592
144,4590
149,4590
149,4589
146,4589
147,4588
150,4587
150,4587
150,4586
154,4586
159,4585
160,4585
163,4585
164,4583
162,4581
162,4581
159,4580
154,4580
156,4580
155,4579
154,4579
150,4578
152,4578
153,4578
156,4578
160,4577
159,4577
159,4575
150,4571
149,4571
150,4570
155,4568
160,4565
156,4564
165,4564
167,4562
165,4562
162,4562
157,4560
156,4560
150,4559
145,4558
146,4557
143,4557
143,4557
152,4557
150,4557
149,4557
152,4557
149,4555
149,4554
147,4554
147,4553
145,4553
138,4551
141,4551
138,4551
138,4551
140,4550
138,4549
137,4549
137,4549
137,4549
142,4549
145,4549
148,4548
154,4548
149,4548
150,4547
145,4546
145,4544
142,4543
141,4543
138,4543
135,4542
137,4542
137,4542
134,4542
134,4541
131,4540
133,4540
132,4540
136,4539
136,4539
130,4539
133,4539
134,4538
132,4537
136,4537
134,4537
134,4535
134,4535
129,4535
131,4533
128,4533
128,4533
128,4533
123,4532
120,4531
118,4530
116,4530
121,4530
117,4530
113,4530
114,4530
114,4530
115,4530
114,4530
112,4530
110,4530
105,4530
105,4529
105,4529
102,4529
110,4529
113,4529
115,4529
116,4529
116,4528
117,4527
117,4526
117,4526
118,4526
114,4525
114,4525
113,4525
112,4525
111,4525
109,4524
110,4524
110,4524
107,4524
111,4524
110,4523
107,4522
104,4521
102,4521
102,4520
104,4519
104,4519
108,4519
107,4519
106,4519
106,4519
108,4518
110,4517
112,4517
113,4517
115,4517
113,4516
110,4515
110,4515
108,4515
107,4515
109,4514
108,4514
107,4514
110,4514
110,4514
109,4514
109,4513
108,4512
108,4512
106,4511
103,4511
105,4511
105,4511
108,4511
107,4511
106,4511
106,4511
107,4511
108,4511
109,4510
107,4510
106,4510
105,4510
104,4510
104,4510
104,4509
103,4509
102,4509
107,4509
106,4509
108,4509
110,4507
108,4507
107,4506
108,4505
114,4505
114,4505
119,4503
123,4503
124,4503
124,4502
123,4501
122,4500
121,4500
116,4499
116,4499
112,4499
112,4499
109,4498
112,4498
111,4498
108,4498
108,4498
105,4497
103,4497
104,4497
104,4497
109,4497
105,4497
103,4496
103,4496
103,4495
101,4493
105,4492
104,4492
102,4492
102,4492
102,4491
105,4491
104,4491
105,4491
103,4490
100,4488
100,4488
99,4488
96,4488
96,4488
94,4488
94,4488
91,4488
91,4488
90,4488
91,4488
89,4488
87,4488
87,4488
88,4488
91,4488
89,4488
93,4488
96,4488
96,4487
99,4487
102,4485
102,4484
104,4484
103,4482
102,4482
101,4481
100,4481
104,4481
104,4481
106,4481
104,4481
106,4481
106,4481
103,4479
105,4479
104,4478
102,4478
105,4478
104,4478
106,4478
99,4478
103,4477
104,4476
104,4475
104,4475
102,4474
102,4473
101,4472
105,4472
106,4471
110,4471
109,4471
107,4471
116,4471
116,4469
114,4469
116,4469
118,4468
118,4467
112,4467
112,4467
112,4466
111,4465
117,4465
118,4465
117,4464
118,4463
119,4462
121,4461
124,4461
123,4461
122,4461
125,4460
121,4459
128,4458
126,4457
124,4456
122,4455
119,4455
121,4454
121,4454
119,4454
116,4454
109,4454
106,4454
104,4453
101,4453
100,4452
97,4452
95,4452
96,4452
95,4452
91,4452
84,4452
84,4452
83,4452
83,4452
85,4452
85,4451
83,4450
81,4450
80,4449
80,4449
79,4449
84,4449
83,4449
87,4449
86,4449
86,4449
92,4448
97,4446
100,4446
99,4446
95,4446
93,4445
90,4445
90,4443
88,4443
85,4443
82,4443
82,4442
82,4442
84,4442
87,4442
86,4442
86,4442
86,4442
86,4441
86,4441
82,4441
81,4441
78,4441
76,4441
78,4441
78,4441
79,4441
80,4441
79,4441
82,4441
80,4441
79,4441
78,4440
79,4439
81,4439
82,4438
80,4438
82,4437
82,4436
81,4435
81,4435
81,4435
81,4435
81,4435
79,4435
88,4435
87,4434
87,4434
89,4434
88,4433
91,4433
90,4432
90,4431
92,4431
86,4431
85,4431
84,4431
82,4431
81,4431
78,4431
82,4431
79,4431
79,4431
77,4431
76,4430
75,4430
74,4430
74,4430
75,4430
74,4430
73,4429
70,4428
72,4427
71,4427
70,4427
70,4427
71,4427
74,4427
74,4427
72,4427
73,4427
74,4427
78,4426
78,4426
79,4426
79,4425
76,4425
77,4425
78,4425
76,4425
79,4424
77,4424
79,4423
79,4422
81,4422
80,4422
88,4422
88,4422
86,4422
83,4422
84,4422
81,4421
82,4421
80,4421
80,4421
74,4421
75,4421
76,4421
74,4421
72,4421
71,4421
71,4421
70,4421
70,4421
73,4421
74,4421
72,4421
73,4421
75,4421
77,4421
75,4421
75,4420
78,4419
75,4419
80,4418
79,4418
79,4418
79,4418
79,4418
79,4417
79,4417
75,4417
84,4417
83,4417
86,4417
88,4416
93,4416
96,4415
98,4415
97,4414
101,4413
97,4413
96,4412
96,4411
92,4411
85,4411
82,4410
84,4410
84,4410
83,4409
82,4409
83,4409
81,4409
80,4409
78,4408
76,4408
78,4408
77,4408
75,4408
74,4408
75,4408
76,4408
79,4408
84,4407
84,4407
80,4407
82,4405
81,4405
78,4405
78,4403
77,4403
79,4402
78,4402
80,4402
80,4401
82,4401
82,4401
82,4401
80,4401
79,4401
81,4400
81,4400
76,4400
78,4400
77,4400
76,4400
73,4400
69,4400
68,4399
66,4399
64,4399
64,4399
63,4399
63,4399
65,4399
64,4398
67,4398
66,4398
66,4398
67,4398
69,4398
71,4398
70,4398
67,4398
65,4397
66,4397
65,4395
64,4394
61,4393
61,4392
63,4392
63,4392
63,4392
65,4392
61,4392
61,4392
61,4392
62,4391
62,4391
59,4391
58,4391
58,4391
58,4391
58,4391
58,4391
59,4391
57,4391
59,4391
57,4391
57,4391
58,4391
58,4391
57,4391
56,4390
56,4390
58,4390
57,4390
59,4390
61,4390
62,4390
62,4389
62,4389
62,4389
62,4389
64,4388
67,4388
65,4388
62,4388
63,4388
65,4388
65,4386
64,4386
66,4386
64,4386
64,4386
64,4386
64,4386
62,4386
60,4385
62,4385
62,4385
62,4385
60,4385
61,4384
61,4384
59,4384
62,4384
62,4384
60,4384
60,4384
66,4384
67,4384
70,4383
71,4383
79,4383
76,4382
76,4382
81,4381
81,4380
77,4380
76,4378
78,4378
79,4378
78,4378
78,4378
80,4378
74,4378
74,4377
74,4377
74,4377
76,4376
72,4376
71,4376
70,4376
70,4376
69,4375
69,4375
72,4375
71,4375
68,4375
73,4374
75,4373
75,4373
74,4373
74,4373
71,4373
67,4372
66,4372
66,4372
63,4372
60,4372
60,4372
62,4372
62,4372
62,4372
64,4371
64,4371
65,4371
65,4370
66,4370
64,4369
62,4369
59,4369
59,4369
62,4368
67,4368
67,4368
67,4368
67,4367
66,4367
66,4367
67,4367
67,4367
67,4367
63,4367
63,4367
66,4367
65,4367
64,4367
63,4367
61,4367
61,4367
60,4367
59,4367
56,4367
53,4367
53,4367
55,4367
58,4367
57,4366
57,4366
60,4366
60,4364
61,4364
64,4364
64,4364
66,4364
69,4364
69,4364
70,4364
67,4364
67,4364
69,4364
66,4364
67,4364
63,4363
60,4363
60,4362
57,4362
57,4362
56,4362
54,4362
54,4362
53,4362
53,4362
56,4362
56,4362
59,4362
58,4362
58,4361
58,4361
58,4360
59,4360
59,4360
57,4360
56,4360
56,4360
56,4360
56,4360
58,4360
58,4360
55,4360
53,4360
52,4360
53,4360
51,4359
52,4359
50,4359
52,4359
54,4359
54,4359
54,4359
53,4359
52,4359
52,4358
51,4358
54,4358
52,4358
52,4358
55,4358
56,4358
63,4357
62,4357
62,4356
64,4356
63,4356
64,4354
63,4354
65,4354
63,4354
61,4354
62,4354
61,4354
58,4354
58,4353
56,4353
54,4353
55,4353
55,4353
53,4353
54,4353
50,4353
51,4353
51,4353
50,4353
52,4353
50,4353
50,4352
54,4352
52,4352
51,4352
52,4352
51,4352
51,4352
54,4352
58,4352
58,4352
54,4352
56,4352
57,4351
57,4350
57,4350
55,4350
54,4350
55,4349
54,4349
54,4349
54,4349
53,4349
53,4349
53,4348
53,4348
52,4348
52,4348
50,4348
51,4348
50,4348
49,4348
49,4348
50,4347
52,4347
49,4347
48,4347
47,4347
47,4347
47,4347
47,4346
46,4346
45,4346
45,4346
47,4346
46,4346
46,4346
46,4346
45,4346
44,4346
44,4345
44,4345
43,4345
48,4345
48,4345
47,4345
47,4345
47,4345
47,4345
46,4345
46,4345
47,4345
41,4345
42,4345
46,4345
48,4345
48,4345
51,4345
51,4345
50,4344
50,4344
50,4343
49,4342
48,4342
48,4342
51,4342
54,4342
57,4342
57,4342
57,4342
57,4342
57,4341
57,4341
57,4341
54,4341
53,4341
54,4341
54,4341
53,4341
52,4340
53,4340
53,4340
53,4340
52,4340
52,4340
52,4340
49,4340
47,4340
46,4340
47,4340
47,4340
45,4340
47,4340
47,4339
46,4339
45,4339
46,4339
46,4339
45,4339
45,4339
48,4339
45,4339
45,4339
48,4339
48,4339
48,4339
51,4338
50,4338
50,4338
45,4338
43,4338
43,4338
44,4338
45,4338
47,4338
44,4338
44,4338
44,4338
44,4338
42,4338
42,4337
42,4337
42,4337
42,4337
43,4337
43,4337
43,4337
42,4337
41,4337
45,4337
47,4336
47,4336
47,4336
47,4335
49,4335
52,4334
52,4334
52,4334
52,4334
53,4334
53,4333
55,4333
55,4333
53,4333
53,4333
53,4332
53,4331
51,4331
49,4331
47,4331
45,4331
46,4331
48,4331
48,4331
48,4331
46,4331
47,4331
47,4330
47,4330
47,4330
47,4330
47,4330
47,4329
45,4329
44,4329
43,4329
42,4329
42,4329
42,4329
44,4329
44,4329
43,4329
43,4329
43,4329
43,4329
43,4329
42,4329
43,4329
41,4329
41,4329
40,4329
39,4329
39,4329
39,4329
42,4329
43,4329
44,4329
43,4329
43,4329
43,4329
44,4329
44,4328
44,4328
41,4328
41,4328
42,4328
42,4328
42,4328
41,4328
40,4328
41,4328
40,4328
40,4328
39,4328
39,4328
39,4328
41,4328
41,4328
41,4328
44,4328
41,4328
41,4328
41,4327
43,4326
43,4326
43,4326
44,4326
44,4326
44,4326
44,4325
44,4325
44,4325
44,4325
43,4325
46,4325
47,4325
47,4325
46,4325
46,4325
44,4325
43,4324
45,4324
45,4324
44,4324
43,4324
43,4324
43,4324
43,4324
43,4324
43,4324
40,4324
40,4324
40,4324
41,4324
41,4324
41,4324
43,4324
44,4324
44,4324
43,4324
43,4324
43,4324
44,4323
47,4323
47,4323
52,4323
49,4323
49,4322
49,4322
49,4322
49,4320
49,4320
46,4320
49,4320
49,4320
48,4320
50,4320
53,4320
53,4320
54,4320
53,4320
51,4320
46,4319
49,4319
48,4319
42,4319
44,4319
44,4319
47,4318
46,4318
46,4318
48,4318
43,4317
43,4317
43,4317
41,4317
40,4317
37,4316
39,4316
39,4316
39,4316
39,4316
42,4316
42,4316
43,4316
42,4316
41,4316
38,4316
39,4316
39,4316
39,4316
36,4316
35,4316
37,4315
36,4315
35,4315
34,4315
31,4315
31,4315
31,4314
32,4314
33,4314
33,4314
33,4314
33,4314
32,4314
35,4314
38,4314
38,4314
37,4314
35,4314
34,4313
34,4313
36,4313
36,4313
35,4313
35,4313
37,4313
42,4313
41,4313
41,4313
41,4312
39,4312
42,4312
44,4312
44,4312
40,4312
33,4312
34,4312
35,4312
37,4312
37,4312
35,4312
33,4312
33,4312
33,4312
33,4312
32,4312
32,4312
31,4312
30,4312
30,4312
33,4312
36,4312
36,4312
36,4312
36,4312
36,4312
37,4312
36,4312
36,4312
33,4312
30,4312
30,4312
30,4312
30,4312
30,4312
28,4312
28,4312
28,4312
28,4312
28,4312
31,4312
31,4312
31,4312
30,4312
30,4312
30,4311
30,4311
30,4311
29,4311
30,4311
33,4311
33,4311
33,4311
33,4311
33,4311
33,4310
33,4310
33,4310
33,4310
33,4310
31,4310
33,4310
32,4310
32,4310
32,4310
31,4310
31,4310
31,4310
33,4310
33,4310
29,4310
28,4310
29,4310
29,4310
29,4310
29,4310
29,4310
27,4310
27,4310
28,4310
26,4310
25,4310
29,4310
33,4310
33,4310
33,4310
33,4310
33,4310
35,4309
35,4309
35,4309
32,4309
29,4309
29,4308
29,4308
31,4308
31,4308
31,4308
31,4308
31,4308
30,4308
33,4308
32,4308
32,4308
33,4308
33,4308
33,4308
32,4308
31,4308
30,4308
25,4308
26,4308
26,4308
23,4308
23,4308
23,4308
23,4308
22,4308
22,4308
22,4308
22,4308
22,4308
22,4308
22,4308
22,4308
22,4308
22,4308
22,4308
23,4308
23,4308
23,4308
23,4308
29,4308
29,4308
29,4308
29,4308
29,4308
29,4308
29,4308
29,4308
29,4308
23,4308
26,4308
26,4308
26,4308
27,4308
27,4308
30,4308
30,4308
29,4308
28,4308
25,4308
25,4308
25,4308
24,4308
24,4308
24,4308
27,4308
28,4308
28,4308
28,4308
28,4307
28,4306
28,4306
28,4306
28,4306
30,4306
29,4306
29,4306
29,4306
30,4306
34,4306
34,4305
35,4305
35,4305
35,4304
33,4304
30,4304
29,4304
29,4304
28,4304
28,4304
30,4304
30,4304
30,4304
30,4304
34,4304
33,4304
33,4303
33,4303
32,4303
30,4302
29,4302
31,4302
31,4302
29,4302
29,4302
28,4302
28,4301
28,4301
28,4301
30,4301
32,4301
33,4301
33,4301
33,4301
33,4300
32,4300
31,4299
32,4299
31,4299
31,4299
30,4299
30,4299
30,4299
30,4299
30,4299
28,4299
28,4299
30,4299
30,4299
28,4299
27,4299
27,4299
27,4299
27,4299
26,4299
27,4299
24,4299
24,4299
25,4299
25,4299
25,4299
25,4299
25,4299
25,4299
24,4299
24,4299
24,4299
23,4299
23,4299
23,4299
23,4299
26,4299
26,4299
26,4299
26,4299
26,4299
26,4299
26,4299
26,4299
26,4299
23,4299
27,4299
27,4299
27,4299
29,4299
29,4298
29,4298
29,4298
29,4298
29,4298
29,4297
29,4297
29,4297
29,4297
29,4297
29,4297
29,4297
28,4297
28,4297
27,4297
27,4297
28,4297
27,4297
30,4297
30,4297
33,4297
33,4297
35,4296
35,4296
34,4296
34,4296
34,4296
31,4296
33,4295
30,4295
33,4295
36,4295
38,4295
38,4295
38,4294
38,4294
42,4293
42,4293
42,4293
39,4293
38,4293
36,4293
36,4292
36,4292
37,4292
37,4292
36,4292
36,4292
36,4292
36,4292
35,4292
34,4291
35,4291
33,4291
33,4291
33,4291
33,4291
35,4291
35,4291
35,4291
34,4291
31,4291
31,4291
31,4291
31,4291
31,4291
29,4291
29,4291
30,4291
32,4291
32,4291
31,4291
31,4291
31,4290
31,4290
31,4290
30,4290
29,4290
29,4290
29,4290
29,4290
29,4290
31,4290
31,4290
31,4290
30,4290
30,4290
30,4290
29,4290
28,4290
28,4290
28,4290
27,4290
27,4290
29,4290
30,4290
30,4289
31,4289
34,4289
32,4289
34,4289
35,4289
36,4289
34,4289
36,4289
36,4289
35,4289
35,4289
35,4288
33,4288
36,4288
33,4288
32,4288
32,4288
32,4287
32,4287
29,4287
31,4287
31,4287
31,4287
31,4287
30,4287
29,4287
29,4287
27,4287
27,4287
25,4287
25,4287
25,4287
23,4287
21,4287
21,4287
21,4287
21,4287
25,4287
25,4287
27,4287
27,4287
27,4286
27,4286
27,4286
28,4286
28,4286
25,4286
26,4286
24,4286
27,4286
27,4286
27,4286
28,4286
27,4286
28,4286
28,4286
26,4286
26,4286
23,4286
23,4286
23,4286
22,4286
22,4286
22,4286
22,4286
22,4286
22,4286
22,4286
25,4286
27,4286
28,4286
28,4286
31,4286
31,4286
31,4286
31,4285
31,4285
28,4285
28,4285
28,4285
31,4285
31,4285
31,4285
31,4285
31,4285
31,4285
31,4284
31,4284
31,4284
31,4284
31,4284
31,4284
31,4284
31,4283
30,4283
30,4283
30,4283
29,4283
29,4283
31,4283
30,4283
28,4283
27,4283
27,4283
27,4283
27,4282
26,4282
26,4282
25,4282
23,4282
24,4282
24,4282
24,4282
24,4282
24,4282
24,4282
23,4282
23,4282
24,4282
27,4282
27,4282
27,4282
27,4282
27,4282
26,4282
32,4282
32,4282
30,4282
27,4282
27,4282
29,4282
29,4282
29,4282
32,4282
26,4282
25,4282
25,4282
25,4282
25,4281
23,4281
25,4281
25,4281
27,4281
27,4281
27,4281
26,4281
31,4281
31,4281
31,4281
29,4281
30,4281
28,4281
28,4281
26,4281
26,4281
23,4281
23,4281
25,4281
25,4281
24,4281
24,4281
24,4281
24,4281
23,4281
20,4281
20,4281
20,4281
23,4281
23,4281
23,4281
23,4281
22,4281
22,4280
22,4280
22,4280
22,4280
19,4280
19,4280
19,4280
19,4280
19,4280
19,4280
18,4280
21,4280
21,4280
21,4280
24,4280
24,4279
24,4279
26,4279
26,4279
25,4278
25,4278
25,4278
25,4278
24,4277
25,4277
25,4277
25,4277
25,4277
25,4277
25,4277
24,4277
22,4277
22,4277
22,4277
21,4277
20,4277
19,4277
19,4277
20,4277
20,4277
20,4276
23,4276
22,4276
22,4276
22,4276
22,4275
22,4275
22,4275
22,4275
23,4275
23,4275
23,4275
23,4275
23,4275
23,4275
23,4275
23,4275
21,4275
19,4275
19,4275
18,4275
17,4275
22,4275
22,4275
22,4275
22,4275
22,4275
22,4275
22,4274
22,4274
22,4274
19,4274
19,4274
19,4274
18,4274
18,4274
18,4274
18,4274
19,4274
19,4274
21,4274
21,4274
20,4274
21,4274
21,4274
22,4274
21,4274
20,4274
20,4274
18,4274
18,4274
18,4274
18,4274
18,4274
17,4274
17,4274
16,4274
16,4274
16,4274
16,4274
15,4274
15,4274
18,4274
18,4274
18,4274
18,4274
20,4274
20,4274
22,4274
22,4274
25,4274
22,4273
25,4273
25,4273
24,4272
24,4272
24,4272
24,4271
24,4271
21,4271
24,4271
24,4271
24,4271
24,4271
24,4271
24,4271
22,4271
21,4271
21,4271
18,4271
18,4271
18,4271
16,4271
14,4271
14,4271
14,4271
14,4271
14,4271
17,4271
17,4271
17,4271
17,4271
17,4271
20,4270
20,4270
20,4270
20,4270
20,4270
20,4270
20,4270
20,4270
19,4270
16,4270
16,4270
16,4270
16,4270
17,4270
17,4270
15,4270
14,4270
15,4270
15,4270
15,4270
15,4270
15,4270
15,4270
18,4270
18,4270
18,4270
21,4270
21,4270
21,4270
20,4270
22,4270
22,4270
19,4269
19,4269
20,4269
18,4269
18,4269
18,4269
18,4269
15,4269
15,4269
15,4269
15,4269
15,4269
15,4269
15,4269
15,4269
14,4269
14,4269
14,4269
14,4269
13,4269
12,4269
12,4269
11,4269
11,4269
11,4269
11,4269
11,4269
11,4269
11,4269
11,4269
11,4269
11,4269
11,4269
10,4269
10,4269
12,4269
12,4269
12,4269
12,4269
12,4269
12,4269
12,4269
12,4269
12,4269
12,4269
12,4269
12,4269
12,4269
12,4269
12,4269
14,4269
14,4269
14,4269
12,4269
12,4269
12,4269
12,4268
12,4268
12,4268
12,4268
12,4268
13,4268
14,4268
14,4268
14,4268
17,4268
17,4268
17,4268
18,4268
18,4268
17,4267
17,4267
17,4267
17,4267
20,4267
19,4267
18,4267
18,4267
18,4267
21,4267
21,4267
21,4267
21,4267
20,4267
20,4266
18,4266
17,4266
17,4266
17,4266
17,4266
20,4266
20,4266
18,4266
18,4266
18,4266
18,4265
18,4265
18,4265
18,4265
16,4265
17,4265
17,4265
17,4265
17,4265
20,4265
20,4264
20,4264
20,4264
20,4264
20,4263
18,4263
17,4263
17,4263
17,4263
17,4263
17,4263
17,4263
17,4263
17,4263
17,4263
16,4263
16,4263
16,4263
16,4263
13,4263
12,4263
12,4263
15,4263
15,4263
16,4263
19,4263
19,4263
19,4263
19,4263
19,4262
19,4262
16,4262
16,4262
16,4262
16,4262
16,4262
16,4262
16,4262
16,4262
16,4262
16,4262
14,4262
13,4262
13,4262
13,4262
13,4262
13,4262
13,4262
13,4262
13,4262
13,4262
13,4262
12,4262
12,4262
12,4262
12,4262
12,4262
12,4262
12,4262
12,4262
12,4262
12,4262
12,4262
12,4262
12,4262
12,4262
12,4262
12,4262
12,4262
13,4262
13,4262
13,4262
13,4262
13,4262
13,4262
13,4262
16,4262
16,4262
16,4262
16,4262
16,4262
16,4262
16,4261
16,4261
16,4261
15,4261
15,4261
15,4261
15,4261
15,4261
15,4261
15,4261
15,4261
18,4261
18,4261
18,4261
18,4261
20,4261
20,4261
20,4261
20,4261
22,4261
19,4261
19,4261
19,4261
19,4261
16,4261
16,4261
16,4261
16,4261
13,4261
13,4261
14,4261
17,4261
17,4261
17,4261
17,4261
18,4261
18,4260
18,4260
18,4260
18,4260
18,4260
18,4260
18,4260
18,4260
17,4260
17,4260
17,4260
17,4260
17,4260
20,4260
20,4260
20,4260
21,4260
23,4259
25,4259
24,4259
24,4259
24,4259
24,4258
23,4257
22,4256
22,4256
22,4256
21,4256
21,4256
21,4256
20,4256
22,4256
22,4256
23,4256
23,4256
23,4256
23,4256
23,4256
23,4256
23,4256
21,4256
21,4256
16,4256
16,4256
16,4256
16,4256
18,4256
18,4256
18,4256
18,4256
17,4256
17,4256
17,4256
19,4256
19,4256
18,4256
18,4256
18,4256
18,4256
19,4255
21,4255
21,4255
21,4255
21,4255
19,4255
22,4255
22,4254
24,4254
24,4254
24,4254
24,4253
23,4253
22,4253
22,4253
22,4253
22,4253
21,4253
21,4253
21,4253
20,4253
20,4253
20,4253
20,4253
22,4253
22,4253
22,4253
21,4253
20,4253
20,4253
20,4252
20,4252
20,4252
20,4252
23,4252
20,4252
20,4252
20,4252
19,4252
19,4251
19,4251
19,4251
19,4251
19,4251
19,4251
19,4251
19,4251
19,4251
21,4251
23,4251
22,4251
22,4251
22,4251
22,4251
20,4251
19,4251
19,4251
19,4251
17,4251
17,4251
17,4251
17,4251
17,4251
17,4251
17,4251
17,4251
14,4251
14,4251
14,4251
14,4251
14,4251
14,4251
14,4251
14,4251
13,4251
13,4251
15,4251
15,4251
15,4251
15,4251
15,4251
15,4251
15,4251
17,4251
17,4251
15,4251
15,4251
15,4251
15,4251
15,4250
15,4250
15,4250
15,4250
17,4250
19,4250
19,4250
19,4250
19,4250
19,4250
19,4250
19,4249
19,4249
17,4249
17,4249
17,4249
17,4249
17,4249
16,4249
16,4249
16,4249
19,4249
19,4249
18,4249
18,4249
18,4249
18,4248
18,4248
18,4248
18,4248
17,4248
19,4248
19,4248
18,4248
18,4248
19,4248
19,4248
19,4248
19,4248
19,4248
17,4248
15,4248
14,4248
14,4248
14,4248
16,4248
16,4248
16,4248
16,4248
16,4248
16,4247
16,4247
16,4247
16,4247
16,4247
16,4247
16,4247
16,4247
16,4247
16,4247
19,4247
19,4247
19,4247
19,4247
19,4247
19,4247
18,4247
18,4247
18,4247
15,4247
15,4247
15,4247
15,4247
15,4247
13,4247
13,4247
13,4247
13,4247
13,4247
15,4247
16,4247
16,4247
16,4247
16,4247
16,4247
16,4247
16,4247
16,4247
14,4247
14,4247
13,4247
13,4247
13,4247
13,4247
16,4247
16,4247
16,4247
16,4247
15,4247
15,4246
16,4246
16,4246
16,4246
16,4246
16,4246
16,4246
16,4246
18,4246
18,4246
18,4246
18,4246
18,4246
18,4246
18,4246
16,4246
15,4246
13,4246
13,4246
13,4246
13,4246
13,4246
13,4246
13,4246
13,4246
13,4246
13,4246
13,4246
13,4246
12,4246
12,4246
13,4246
13,4246
13,4246
13,4246
13,4246
12,4246
12,4246
12,4246
12,4246
12,4246
12,4246
12,4246
12,4246
12,4246
12,4246
12,4246
15,4246
15,4246
15,4246
15,4246
17,4246
17,4246
17,4246
17,4246
19,4246
16,4246
16,4246
16,4246
16,4246
13,4246
13,4245
13,4245
13,4245
13,4245
13,4245
13,4245
16,4245
16,4245
16,4245
16,4245
17,4245
17,4245
17,4245
17,4245
17,4245
14,4245
14,4245
14,4245
14,4245
12,4245
12,4245
12,4245
11,4245
10,4245
10,4245
10,4245
10,4245
10,4245
10,4245
10,4245
10,4245
10,4245
9,4245
9,4245
9,4245
9,4245
8,4245
8,4245
10,4245
10,4245
10,4245
10,4245
10,4245
12,4245
12,4244
12,4244
12,4244
12,4244
12,4244
11,4243
10,4243
10,4243
10,4243
10,4243
10,4243
10,4243
10,4243
10,4243
10,4243
10,4243
10,4243
10,4243
10,4243
9,4243
9,4243
9,4243
9,4243
9,4243
9,4243
8,4243
8,4243
8,4243
8,4243
8,4243
8,4243
8,4243
7,4243
7,4243
7,4243
8,4243
8,4243
8,4243
8,4243
8,4243
8,4243
8,4243
8,4243
8,4243
8,4243
8,4243
8,4243
8,4243
8,4243
8,4243
8,4243
10,4243
10,4243
10,4243
10,4243
10,4243
10,4243
10,4242
10,4242
10,4242
10,4242
10,4242
10,4242
10,4242
10,4242
10,4242
11,4242
11,4242
11,4242
11,4242
11,4242
11,4242
11,4242
10,4242
10,4242
8,4242
7,4242
7,4242
7,4242
7,4242
7,4242
7,4242
8,4242
6,4242
6,4242
6,4242
6,4242
8,4242
8,4242
8,4242
8,4242
7,4242
7,4242
7,4241
7,4241
7,4241
9,4241
9,4241
9,4241
9,4241
9,4241
9,4241
9,4240
9,4240
9,4240
9,4240
9,4240
9,4240
9,4240
9,4240
9,4240
9,4240
8,4240
8,4240
8,4240
8,4240
8,4240
8,4240
8,4240
8,4240
8,4240
7,4240
7,4240
7,4240
7,4240
7,4240
7,4240
7,4240
7,4240
6,4240
6,4240
8,4240
8,4240
8,4240
8,4239
8,4239
8,4239
8,4239
8,4239
8,4239
8,4239
8,4239
8,4239
8,4239
8,4239
8,4239
7,4239
6,4239
6,4239
6,4239
5,4239
5,4239
5,4239
5,4239
5,4239
5,4239
5,4239
5,4239
5,4239
5,4239
5,4239
5,4239
5,4239
5,4239
5,4239
5,4239
5,4239
5,4239
5,4239
5,4239
5,4239
5,4239
5,4239
5,4239
5,4239
5,4239
5,4239
5,4239
5,4239
5,4239
5,4239
5,4239
5,4239
5,4239
5,4239
5,4239
5,4239
8,4239
8,4239
8,4239
8,4239
8,4239
8,4238
9,4238
9,4238
9,4238
9,4238
9,4238
9,4238
9,4238
9,4238
9,4238
9,4238
9,4238
9,4238
9,4238
9,4238
7,4238
6,4238
6,4238
6,4238
6,4238
6,4238
6,4238
6,4238
6,4238
6,4238
6,4238
6,4238
6,4238
6,4238
6,4238
6,4238
6,4238
6,4238
6,4238
6,4238
6,4238
6,4238
6,4238
6,4238
6,4238
6,4238
6,4238
6,4238
6,4238
6,4238
6,4238
6,4238
6,4238
6,4238
6,4238
6,4238
6,4238
6,4238
6,4238
8,4238
8,4237
8,4237
8,4237
8,4237
9,4237
9,4237
9,4237
12,4237
10,4237
10,4237
10,4237
10,4237
10,4236
9,4236
9,4236
9,4236
9,4236
9,4236
9,4236
9,4236
9,4236
9,4236
9,4236
9,4236
9,4236
9,4236
9,4236
6,4236
5,4236
5,4236
5,4236
5,4236
5,4236
5,4236
5,4236
5,4236
6,4236
6,4236
6,4236
6,4236
6,4236
6,4236
5,4236
5,4236
5,4236
5,4236
5,4236
5,4236
5,4236
5,4236
5,4236
5,4236
5,4236
5,4236
5,4236
5,4236
5,4236
5,4236
5,4236
5,4236
5,4236
5,4236
5,4236
5,4236
5,4236
7,4236
7,4236
7,4236
7,4236
7,4236
7,4236
7,4235
7,4235
9,4235
9,4235
9,4235
9,4235
9,4235
9,4235
9,4235
9,4235
9,4235
7,4235
7,4235
7,4235
7,4235
7,4235
7,4235
7,4235
7,4235
6,4235
6,4235
6,4235
5,4235
5,4235
5,4235
4,4235
4,4235
4,4235
4,4235
4,4235
4,4235
4,4235
4,4235
4,4235
4,4235
4,4235
4,4235
4,4235
3,4235
5,4235
5,4235
6,4235
6,4235
6,4235
6,4235
6,4235
6,4235
6,4235
4,4235
4,4235
3,4235
3,4235
3,4235
3,4235
3,4235
3,4235
3,4235
3,4235
3,4235
3,4235
3,4235
3,4235
3,4235
2,4235
2,4235
2,4235
2,4235
2,4235
2,4235
2,4235
2,4235
2,4235
2,4235
2,4235
3,4235
3,4235
3,4235
3,4235
3,4235
3,4235
3,4235
3,4235
3,4235
3,4235
3,4235
3,4235
3,4235
3,4235
3,4235
3,4235
3,4235
4,4235
4,4235
4,4235
4,4235
4,4235
4,4235
4,4235
4,4235
4,4235
4,4235
4,4235
4,4235
4,4235
4,4235
4,4235
4,4235
4,4235
4,4235
4,4235
4,4235
4,4235
4,4235
4,4235
4,4235
4,4235
4,4235
4,4235
4,4235
3,4235
3,4235
3,4235
3,4235
3,4235
3,4235
3,4235
3,4235
3,4235
3,4235
3,4235
3,4235
3,4235
3,4235
3,4235
3,4235
3,4235
3,4235
3,4235
3,4235
3,4235
3,4235
4,4235
4,4235
4,4235
4,4235
4,4235
4,4235
4,4235
4,4235
4,4235
3,4235
3,4235
3,4235
3,4235
3,4235
3,4235
3,4235
3,4235
3,4235
3,4235
3,4235
3,4235
3,4235
3,4235
6,4235
6,4235
6,4235
6,4235
6,4234
6,4234
6,4234
6,4234
6,4234
6,4234
6,4234
6,4234
6,4234
6,4234
6,4234
6,4234
6,4234
6,4234
6,4234
6,4234
3,4234
3,4234
3,4234
3,4234
3,4234
3,4234
5,4234
5,4234
5,4234
5,4234
5,4234
5,4234
5,4233
5,4233
5,4233
5,4233
5,4233
5,4233
5,4233
5,4233
5,4233
5,4233
5,4233
5,4233
5,4233
5,4233
5,4233
5,4233
5,4233
5,4233
5,4233
3,4233
3,4233
3,4233
2,4233
2,4233
2,4233
2,4233
2,4233
2,4233
2,4233
2,4233
2,4233
2,4233
2,4233
2,4233
2,4233
2,4233
2,4233
2,4233
2,4233
2,4233
2,4233
2,4233
2,4233
2,4233
2,4233
2,4233
2,4233
2,4233
2,4233
2,4233
4,4233
4,4233
4,4233
4,4233
4,4233
4,4233
4,4233
4,4233
4,4233
2,4233
2,4233
2,4233
2,4233
2,4233
2,4233
2,4233
2,4233
2,4233
2,4233
2,4233
2,4233
2,4233
2,4233
3,4233
3,4233
3,4233
3,4233
3,4233
3,4233
3,4233
3,4233
4,4233
4,4233
4,4233
4,4233
4,4233
4,4233
4,4233
4,4233
4,4233
4,4233
4,4233
4,4233
4,4233
4,4233
4,4233
4,4233
4,4233
4,4233
4,4233
4,4233
4,4233
4,4233
4,4233
4,4233
4,4233
4,4233
6,4233
6,4233
5,4233
5,4233
5,4233
5,4233
5,4233
5,4233
5,4233
3,4233
3,4233
3,4233
3,4233
3,4233
3,4233
3,4233
6,4233
6,4233
6,4233
6,4233
6,4233
6,4233
6,4233
6,4233
6,4233
3,4233
3,4233
3,4233
3,4233
3,4233
3,4233
3,4233
3,4233
3,4233
3,4233
3,4233
3,4233
3,4233
3,4233
3,4233
6,4233
6,4233
6,4233
6,4233
6,4233
9,4232
9,4232
9,4232
9,4232
9,4232
9,4232
9,4232
9,4232
9,4232
6,4232
6,4232
8,4232
11,4232
11,4232
11,4232
9,4232
8,4232
8,4230
8,4230
8,4230
11,4230
11,4230
11,4230
11,4230
11,4230
11,4229
11,4229
11,4229
11,4229
11,4229
11,4229
11,4229
9,4229
8,4229
8,4229
8,4229
7,4229
10,4229
10,4229
12,4229
10,4229
9,4228
9,4228
9,4228
9,4228
9,4228
9,4228
9,4228
7,4228
7,4228
7,4228
7,4228
7,4228
6,4228
6,4228
6,4228
4,4228
3,4228
3,4228
3,4228
3,4228
3,4228
3,4228
3,4228
3,4228
3,4228
3,4228
3,4228
6,4228
6,4228
6,4228
6,4228
6,4228
6,4228
6,4228
6,4228
6,4228
3,4228
3,4228
3,4228
3,4228
3,4228
3,4228
3,4228
3,4228
3,4228
3,4228
3,4228
3,4228
3,4228
3,4228
3,4228
3,4228
3,4228
3,4228
3,4228
6,4228
6,4228
6,4228
6,4228
6,4228
6,4227
6,4227
6,4227
6,4227
6,4227
6,4227
6,4227
6,4227
6,4227
6,4227
6,4227
6,4227
6,4227
6,4227
6,4227
4,4227
3,4227
3,4227
3,4227
3,4227
3,4227
3,4227
3,4227
3,4227
3,4227
3,4227
3,4227
3,4227
3,4227
3,4227
3,4227
3,4227
3,4227
3,4227
3,4227
3,4227
3,4227
3,4227
3,4227
3,4227
3,4227
3,4227
3,4227
3,4227
3,4227
3,4227
3,4227
3,4227
3,4227
3,4227
3,4227
3,4227
3,4227
3,4227
3,4227
3,4227
3,4227
3,4227
3,4227
3,4227
3,4227
3,4227
3,4227
3,4227
3,4227
3,4227
3,4227
3,4227
3,4227
3,4227
4,4227
4,4227
4,4227
4,4227
4,4227
4,4227
4,4227
4,4227
4,4227
3,4227
3,4227
2,4227
2,4227
2,4227
2,4227
2,4227
2,4227
2,4227
2,4227
2,4227
2,4227
2,4227
2,4227
2,4227
2,4227
2,4227
2,4227
2,4227
4,4227
5,4227
5,4227
5,4227
5,4227
8,4227
8,4226
8,4226
8,4226
8,4226
7,4225
7,4225
7,4225
7,4225
7,4225
7,4225
7,4225
7,4225
7,4225
7,4225
7,4225
7,4225
7,4225
7,4225
7,4225
4,4225
3,4225
3,4225
3,4225
3,4225
3,4225
3,4225
3,4225
3,4225
3,4225
3,4225
2,4225
2,4225
2,4225
2,4225
2,4225
2,4225
2,4225
2,4225
2,4225
2,4225
2,4225
2,4225
2,4225
2,4225
2,4225
2,4225
2,4225
2,4225
2,4225
2,4225
2,4225
2,4225
2,4225
2,4225
2,4225
2,4225
2,4225
2,4225
2,4225
2,4225
2,4225
2,4225
2,4225
2,4225
2,4225
2,4225
2,4225
5,4225
5,4225
7,4225
7,4225
7,4224
7,4224
7,4224
7,4224
7,4223
7,4223
7,4223
7,4223
7,4223
7,4223
7,4223
7,4223
7,4223
7,4223
6,4223
6,4223
4,4223
4,4223
4,4223
4,4223
4,4223
4,4223
3,4223
2,4223
4,4223
4,4223
4,4223
4,4223
4,4223
4,4223
4,4223
4,4223
4,4223
2,4223
2,4223
2,4223
2,4223
2,4223
2,4223
2,4223
2,4223
2,4223
2,4223
2,4223
2,4223
2,4223
2,4223
4,4223
4,4223
4,4223
4,4223
4,4223
4,4223
4,4222
4,4222
4,4222
4,4222
4,4222
4,4222
4,4222
4,4222
4,4222
4,4222
4,4222
4,4222
4,4222
4,4222
4,4222
4,4222
4,4222
4,4222
4,4222
3,4222
3,4222
3,4222
2,4222
2,4222
2,4222
2,4222
2,4222
2,4222
2,4222
2,4222
2,4222
2,4222
2,4222
2,4222
2,4222
2,4222
2,4222
2,4222
2,4222
2,4222
2,4222
2,4222
2,4222
2,4222
2,4222
2,4222
2,4222
2,4222
2,4222
2,4222
2,4222
2,4222
2,4222
2,4222
2,4222
2,4222
2,4222
2,4222
2,4222
2,4222
2,4222
2,4222
2,4222
2,4222
2,4222
2,4222
2,4222
2,4222
2,4222
2,4222
2,4222
2,4222
2,4222
2,4222
2,4222
5,4222
5,4222
5,4222
5,4222
5,4222
5,4222
5,4222
5,4222
5,4222
2,4222
2,4222
2,4222
2,4222
2,4222
2,4222
2,4222
2,4222
2,4222
2,4222
2,4222
2,4222
2,4222
2,4222
2,4222
2,4222
1,4222
1,4222
1,4222
1,4222
1,4222
1,4222
1,4222
1,4222
1,4222
1,4222
1,4222
1,4222
1,4222
1,4222
1,4222
1,4222
1,4222
1,4222
1,4222
1,4222
1,4222
1,4222
1,4222
1,4222
1,4222
1,4222
1,4222
1,4222
1,4222
1,4222
1,4222
1,4222
1,4222
1,4222
1,4222
1,4222
1,4222
1,4222
1,4222
1,4222
1,4222
1,4222
1,4222
1,4222
1,4222
1,4222
1,4222
1,4222
1,4222
1,4222
1,4222
1,4222
1,4222
1,4222
1,4222
1,4222
1,4222
1,4222
1,4222
1,4222
1,4222
1,4222
1,4222
1,4222
1,4222
1,4222
1,4222
1,4222
1,4222
1,4222
1,4222
1,4222
1,4222
1,4222
1,4222
1,4222
1,4222
1,4222
1,4222
1,4222
1,4222
1,4222
1,4222
1,4222
1,4222
1,4222
1,4222
1,4222
1,4222
1,4222
1,4222
1,4222
1,4222
1,4222
1,4222
1,4222
1,4222
1,4222
1,4222
2,4222
2,4222
2,4222
2,4222
2,4222
2,4222
2,4222
2,4222
2,4222
1,4222
1,4222
1,4222
1,4222
1,4222
1,4222
1,4222
1,4222
1,4222
1,4222
1,4222
1,4222
1,4222
1,4222
1,4222
1,4222
1,4222
1,4222
1,4222
1,4222
1,4222
1,4222
1,4222
1,4222
1,4222
1,4222
1,4222
1,4222
1,4222
1,4222
1,4222
1,4222
1,4222
1,4222
1,4222
1,4222
1,4222
1,4222
1,4222
1,4222
1,4222
1,4222
1,4222
1,4222
1,4222
1,4222
1,4222
1,4222
1,4222
1,4222
1,4222
1,4222
1,4222
1,4222
1,4222
1,4222
1,4222
1,4222
1,4222
1,4222
1,4222
1,4222
1,4222
1,4222
1,4222
1,4222
1,4222
1,4222
1,4222
1,4222
1,4222
1,4222
1,4222
1,4222
1,4222
1,4222
1,4222
1,4222
1,4222
1,4222
1,4222
1,4222
1,4222
1,4222
1,4222
1,4222
1,4222
1,4222
1,4222
1,4222
1,4222
1,4222
1,4222
1,4222
1,4222
1,4222
1,4222
1,4222
1,4222
1,4222
1,4222
1,4222
1,4222
1,4222
1,4222
1,4222
1,4222
1,4222
1,4222
1,4222
1,4222
1,4222
1,4222
1,4222
1,4222
1,4222
1,4222
1,4222
1,4222
1,4222
1,4222
1,4222
1,4222
1,4222
1,4222
1,4222
1,4222
1,4222
1,4222
1,4222
1,4222
1,4222
1,4222
1,4222
1,4222
1,4222
1,4222
1,4222
1,4222
1,4222
1,4222
1,4222
0,4222
